Description	
Number of Runs	1000
Preset Time	1
Pause Time	0
Alarm Level	0
High Voltage	900
Step Voltage	0
Volume	0

Run	High		Elapsed
Number	Voltage	Counts	Time	Date/Time
1	900	5	1	02/03/23 03:44:48 PM	
2	900	11	1	02/03/23 03:44:49 PM	
3	900	11	1	02/03/23 03:44:50 PM	
4	900	11	1	02/03/23 03:44:51 PM	
5	900	4	1	02/03/23 03:44:52 PM	
6	900	8	1	02/03/23 03:44:53 PM	
7	900	10	1	02/03/23 03:44:54 PM	
8	900	14	1	02/03/23 03:44:55 PM	
9	900	9	1	02/03/23 03:44:57 PM	
10	900	15	1	02/03/23 03:44:58 PM	
11	900	13	1	02/03/23 03:44:59 PM	
12	900	9	1	02/03/23 03:45:00 PM	
13	900	7	1	02/03/23 03:45:01 PM	
14	900	12	1	02/03/23 03:45:02 PM	
15	900	7	1	02/03/23 03:45:03 PM	
16	900	14	1	02/03/23 03:45:04 PM	
17	900	7	1	02/03/23 03:45:05 PM	
18	900	12	1	02/03/23 03:45:07 PM	
19	900	6	1	02/03/23 03:45:08 PM	
20	900	16	1	02/03/23 03:45:09 PM	
21	900	7	1	02/03/23 03:45:10 PM	
22	900	9	1	02/03/23 03:45:11 PM	
23	900	14	1	02/03/23 03:45:12 PM	
24	900	9	1	02/03/23 03:45:13 PM	
25	900	9	1	02/03/23 03:45:14 PM	
26	900	10	1	02/03/23 03:45:16 PM	
27	900	9	1	02/03/23 03:45:17 PM	
28	900	7	1	02/03/23 03:45:18 PM	
29	900	12	1	02/03/23 03:45:19 PM	
30	900	10	1	02/03/23 03:45:20 PM	
31	900	8	1	02/03/23 03:45:21 PM	
32	900	9	1	02/03/23 03:45:22 PM	
33	900	11	1	02/03/23 03:45:23 PM	
34	900	17	1	02/03/23 03:45:24 PM	
35	900	8	1	02/03/23 03:45:26 PM	
36	900	5	1	02/03/23 03:45:27 PM	
37	900	5	1	02/03/23 03:45:28 PM	
38	900	9	1	02/03/23 03:45:29 PM	
39	900	10	1	02/03/23 03:45:30 PM	
40	900	5	1	02/03/23 03:45:31 PM	
41	900	5	1	02/03/23 03:45:32 PM	
42	900	10	1	02/03/23 03:45:33 PM	
43	900	11	1	02/03/23 03:45:34 PM	
44	900	9	1	02/03/23 03:45:36 PM	
45	900	11	1	02/03/23 03:45:37 PM	
46	900	10	1	02/03/23 03:45:38 PM	
47	900	11	1	02/03/23 03:45:39 PM	
48	900	10	1	02/03/23 03:45:40 PM	
49	900	5	1	02/03/23 03:45:41 PM	
50	900	14	1	02/03/23 03:45:42 PM	
51	900	9	1	02/03/23 03:45:43 PM	
52	900	13	1	02/03/23 03:45:44 PM	
53	900	11	1	02/03/23 03:45:46 PM	
54	900	14	1	02/03/23 03:45:47 PM	
55	900	8	1	02/03/23 03:45:48 PM	
56	900	8	1	02/03/23 03:45:49 PM	
57	900	13	1	02/03/23 03:45:50 PM	
58	900	11	1	02/03/23 03:45:51 PM	
59	900	12	1	02/03/23 03:45:52 PM	
60	900	6	1	02/03/23 03:45:53 PM	
61	900	6	1	02/03/23 03:45:54 PM	
62	900	11	1	02/03/23 03:45:56 PM	
63	900	11	1	02/03/23 03:45:57 PM	
64	900	9	1	02/03/23 03:45:58 PM	
65	900	5	1	02/03/23 03:45:59 PM	
66	900	9	1	02/03/23 03:46:00 PM	
67	900	8	1	02/03/23 03:46:01 PM	
68	900	9	1	02/03/23 03:46:02 PM	
69	900	9	1	02/03/23 03:46:03 PM	
70	900	13	1	02/03/23 03:46:04 PM	
71	900	10	1	02/03/23 03:46:06 PM	
72	900	9	1	02/03/23 03:46:07 PM	
73	900	12	1	02/03/23 03:46:08 PM	
74	900	10	1	02/03/23 03:46:09 PM	
75	900	10	1	02/03/23 03:46:10 PM	
76	900	2	1	02/03/23 03:46:11 PM	
77	900	5	1	02/03/23 03:46:12 PM	
78	900	8	1	02/03/23 03:46:13 PM	
79	900	15	1	02/03/23 03:46:14 PM	
80	900	5	1	02/03/23 03:46:16 PM	
81	900	9	1	02/03/23 03:46:17 PM	
82	900	12	1	02/03/23 03:46:18 PM	
83	900	11	1	02/03/23 03:46:19 PM	
84	900	11	1	02/03/23 03:46:20 PM	
85	900	12	1	02/03/23 03:46:21 PM	
86	900	5	1	02/03/23 03:46:22 PM	
87	900	16	1	02/03/23 03:46:23 PM	
88	900	13	1	02/03/23 03:46:24 PM	
89	900	8	1	02/03/23 03:46:26 PM	
90	900	10	1	02/03/23 03:46:27 PM	
91	900	16	1	02/03/23 03:46:28 PM	
92	900	16	1	02/03/23 03:46:29 PM	
93	900	11	1	02/03/23 03:46:30 PM	
94	900	6	1	02/03/23 03:46:31 PM	
95	900	11	1	02/03/23 03:46:32 PM	
96	900	5	1	02/03/23 03:46:33 PM	
97	900	11	1	02/03/23 03:46:35 PM	
98	900	12	1	02/03/23 03:46:36 PM	
99	900	12	1	02/03/23 03:46:37 PM	
100	900	7	1	02/03/23 03:46:38 PM	
101	900	7	1	02/03/23 03:46:39 PM	
102	900	14	1	02/03/23 03:46:40 PM	
103	900	5	1	02/03/23 03:46:41 PM	
104	900	12	1	02/03/23 03:46:42 PM	
105	900	5	1	02/03/23 03:46:43 PM	
106	900	10	1	02/03/23 03:46:45 PM	
107	900	5	1	02/03/23 03:46:46 PM	
108	900	9	1	02/03/23 03:46:47 PM	
109	900	8	1	02/03/23 03:46:48 PM	
110	900	10	1	02/03/23 03:46:49 PM	
111	900	10	1	02/03/23 03:46:50 PM	
112	900	5	1	02/03/23 03:46:51 PM	
113	900	11	1	02/03/23 03:46:52 PM	
114	900	10	1	02/03/23 03:46:54 PM	
115	900	4	1	02/03/23 03:46:55 PM	
116	900	6	1	02/03/23 03:46:56 PM	
117	900	6	1	02/03/23 03:46:57 PM	
118	900	9	1	02/03/23 03:46:58 PM	
119	900	7	1	02/03/23 03:46:59 PM	
120	900	4	1	02/03/23 03:47:01 PM	
121	900	18	1	02/03/23 03:47:02 PM	
122	900	9	1	02/03/23 03:47:03 PM	
123	900	15	1	02/03/23 03:47:04 PM	
124	900	11	1	02/03/23 03:47:05 PM	
125	900	10	1	02/03/23 03:47:06 PM	
126	900	15	1	02/03/23 03:47:07 PM	
127	900	13	1	02/03/23 03:47:09 PM	
128	900	15	1	02/03/23 03:47:10 PM	
129	900	4	1	02/03/23 03:47:11 PM	
130	900	10	1	02/03/23 03:47:12 PM	
131	900	10	1	02/03/23 03:47:13 PM	
132	900	7	1	02/03/23 03:47:14 PM	
133	900	4	1	02/03/23 03:47:15 PM	
134	900	9	1	02/03/23 03:47:16 PM	
135	900	16	1	02/03/23 03:47:17 PM	
136	900	7	1	02/03/23 03:47:19 PM	
137	900	9	1	02/03/23 03:47:20 PM	
138	900	13	1	02/03/23 03:47:21 PM	
139	900	9	1	02/03/23 03:47:22 PM	
140	900	9	1	02/03/23 03:47:23 PM	
141	900	7	1	02/03/23 03:47:24 PM	
142	900	9	1	02/03/23 03:47:25 PM	
143	900	8	1	02/03/23 03:47:26 PM	
144	900	9	1	02/03/23 03:47:28 PM	
145	900	9	1	02/03/23 03:47:29 PM	
146	900	8	1	02/03/23 03:47:30 PM	
147	900	9	1	02/03/23 03:47:31 PM	
148	900	6	1	02/03/23 03:47:32 PM	
149	900	6	1	02/03/23 03:47:33 PM	
150	900	14	1	02/03/23 03:47:34 PM	
151	900	8	1	02/03/23 03:47:35 PM	
152	900	12	1	02/03/23 03:47:37 PM	
153	900	7	1	02/03/23 03:47:38 PM	
154	900	10	1	02/03/23 03:47:39 PM	
155	900	11	1	02/03/23 03:47:40 PM	
156	900	12	1	02/03/23 03:47:41 PM	
157	900	6	1	02/03/23 03:47:42 PM	
158	900	7	1	02/03/23 03:47:44 PM	
159	900	6	1	02/03/23 03:47:45 PM	
160	900	9	1	02/03/23 03:47:46 PM	
161	900	13	1	02/03/23 03:47:47 PM	
162	900	8	1	02/03/23 03:47:48 PM	
163	900	6	1	02/03/23 03:47:49 PM	
164	900	8	1	02/03/23 03:47:50 PM	
165	900	11	1	02/03/23 03:47:51 PM	
166	900	11	1	02/03/23 03:47:52 PM	
167	900	5	1	02/03/23 03:47:53 PM	
168	900	14	1	02/03/23 03:47:55 PM	
169	900	7	1	02/03/23 03:47:56 PM	
170	900	10	1	02/03/23 03:47:57 PM	
171	900	7	1	02/03/23 03:47:58 PM	
172	900	7	1	02/03/23 03:47:59 PM	
173	900	9	1	02/03/23 03:48:00 PM	
174	900	6	1	02/03/23 03:48:01 PM	
175	900	7	1	02/03/23 03:48:02 PM	
176	900	9	1	02/03/23 03:48:04 PM	
177	900	11	1	02/03/23 03:48:05 PM	
178	900	4	1	02/03/23 03:48:06 PM	
179	900	10	1	02/03/23 03:48:07 PM	
180	900	12	1	02/03/23 03:48:08 PM	
181	900	7	1	02/03/23 03:48:09 PM	
182	900	10	1	02/03/23 03:48:10 PM	
183	900	7	1	02/03/23 03:48:12 PM	
184	900	12	1	02/03/23 03:48:13 PM	
185	900	8	1	02/03/23 03:48:14 PM	
186	900	15	1	02/03/23 03:48:15 PM	
187	900	9	1	02/03/23 03:48:16 PM	
188	900	6	1	02/03/23 03:48:17 PM	
189	900	8	1	02/03/23 03:48:18 PM	
190	900	7	1	02/03/23 03:48:19 PM	
191	900	5	1	02/03/23 03:48:20 PM	
192	900	11	1	02/03/23 03:48:22 PM	
193	900	12	1	02/03/23 03:48:23 PM	
194	900	10	1	02/03/23 03:48:24 PM	
195	900	11	1	02/03/23 03:48:25 PM	
196	900	15	1	02/03/23 03:48:26 PM	
197	900	8	1	02/03/23 03:48:27 PM	
198	900	8	1	02/03/23 03:48:28 PM	
199	900	9	1	02/03/23 03:48:29 PM	
200	900	14	1	02/03/23 03:48:31 PM	
201	900	13	1	02/03/23 03:48:32 PM	
202	900	17	1	02/03/23 03:48:33 PM	
203	900	11	1	02/03/23 03:48:34 PM	
204	900	5	1	02/03/23 03:48:35 PM	
205	900	12	1	02/03/23 03:48:36 PM	
206	900	9	1	02/03/23 03:48:37 PM	
207	900	6	1	02/03/23 03:48:38 PM	
208	900	5	1	02/03/23 03:48:40 PM	
209	900	9	1	02/03/23 03:48:41 PM	
210	900	8	1	02/03/23 03:48:42 PM	
211	900	10	1	02/03/23 03:48:43 PM	
212	900	11	1	02/03/23 03:48:44 PM	
213	900	12	1	02/03/23 03:48:45 PM	
214	900	12	1	02/03/23 03:48:46 PM	
215	900	16	1	02/03/23 03:48:47 PM	
216	900	9	1	02/03/23 03:48:49 PM	
217	900	9	1	02/03/23 03:48:50 PM	
218	900	10	1	02/03/23 03:48:51 PM	
219	900	8	1	02/03/23 03:48:52 PM	
220	900	6	1	02/03/23 03:48:53 PM	
221	900	8	1	02/03/23 03:48:54 PM	
222	900	6	1	02/03/23 03:48:55 PM	
223	900	10	1	02/03/23 03:48:56 PM	
224	900	7	1	02/03/23 03:48:58 PM	
225	900	9	1	02/03/23 03:48:59 PM	
226	900	12	1	02/03/23 03:49:00 PM	
227	900	8	1	02/03/23 03:49:01 PM	
228	900	3	1	02/03/23 03:49:02 PM	
229	900	10	1	02/03/23 03:49:03 PM	
230	900	9	1	02/03/23 03:49:04 PM	
231	900	13	1	02/03/23 03:49:05 PM	
232	900	15	1	02/03/23 03:49:06 PM	
233	900	10	1	02/03/23 03:49:08 PM	
234	900	12	1	02/03/23 03:49:09 PM	
235	900	11	1	02/03/23 03:49:10 PM	
236	900	9	1	02/03/23 03:49:11 PM	
237	900	9	1	02/03/23 03:49:12 PM	
238	900	5	1	02/03/23 03:49:13 PM	
239	900	3	1	02/03/23 03:49:14 PM	
240	900	10	1	02/03/23 03:49:15 PM	
241	900	11	1	02/03/23 03:49:17 PM	
242	900	10	1	02/03/23 03:49:18 PM	
243	900	8	1	02/03/23 03:49:19 PM	
244	900	4	1	02/03/23 03:49:20 PM	
245	900	15	1	02/03/23 03:49:21 PM	
246	900	8	1	02/03/23 03:49:22 PM	
247	900	7	1	02/03/23 03:49:23 PM	
248	900	10	1	02/03/23 03:49:24 PM	
249	900	14	1	02/03/23 03:49:26 PM	
250	900	10	1	02/03/23 03:49:27 PM	
251	900	8	1	02/03/23 03:49:28 PM	
252	900	10	1	02/03/23 03:49:29 PM	
253	900	12	1	02/03/23 03:49:30 PM	
254	900	9	1	02/03/23 03:49:31 PM	
255	900	12	1	02/03/23 03:49:32 PM	
256	900	13	1	02/03/23 03:49:33 PM	
257	900	11	1	02/03/23 03:49:34 PM	
258	900	4	1	02/03/23 03:49:36 PM	
259	900	6	1	02/03/23 03:49:37 PM	
260	900	10	1	02/03/23 03:49:38 PM	
261	900	8	1	02/03/23 03:49:39 PM	
262	900	10	1	02/03/23 03:49:40 PM	
263	900	17	1	02/03/23 03:49:41 PM	
264	900	9	1	02/03/23 03:49:42 PM	
265	900	10	1	02/03/23 03:49:43 PM	
266	900	7	1	02/03/23 03:49:44 PM	
267	900	8	1	02/03/23 03:49:46 PM	
268	900	7	1	02/03/23 03:49:47 PM	
269	900	13	1	02/03/23 03:49:48 PM	
270	900	7	1	02/03/23 03:49:49 PM	
271	900	13	1	02/03/23 03:49:50 PM	
272	900	6	1	02/03/23 03:49:51 PM	
273	900	12	1	02/03/23 03:49:52 PM	
274	900	13	1	02/03/23 03:49:53 PM	
275	900	8	1	02/03/23 03:49:55 PM	
276	900	9	1	02/03/23 03:49:56 PM	
277	900	9	1	02/03/23 03:49:57 PM	
278	900	9	1	02/03/23 03:49:58 PM	
279	900	8	1	02/03/23 03:49:59 PM	
280	900	6	1	02/03/23 03:50:00 PM	
281	900	11	1	02/03/23 03:50:01 PM	
282	900	15	1	02/03/23 03:50:02 PM	
283	900	10	1	02/03/23 03:50:03 PM	
284	900	7	1	02/03/23 03:50:05 PM	
285	900	6	1	02/03/23 03:50:06 PM	
286	900	13	1	02/03/23 03:50:07 PM	
287	900	6	1	02/03/23 03:50:08 PM	
288	900	6	1	02/03/23 03:50:09 PM	
289	900	4	1	02/03/23 03:50:10 PM	
290	900	8	1	02/03/23 03:50:11 PM	
291	900	11	1	02/03/23 03:50:12 PM	
292	900	7	1	02/03/23 03:50:13 PM	
293	900	14	1	02/03/23 03:50:15 PM	
294	900	7	1	02/03/23 03:50:16 PM	
295	900	11	1	02/03/23 03:50:17 PM	
296	900	13	1	02/03/23 03:50:18 PM	
297	900	8	1	02/03/23 03:50:19 PM	
298	900	6	1	02/03/23 03:50:20 PM	
299	900	12	1	02/03/23 03:50:21 PM	
300	900	7	1	02/03/23 03:50:22 PM	
301	900	6	1	02/03/23 03:50:24 PM	
302	900	17	1	02/03/23 03:50:25 PM	
303	900	9	1	02/03/23 03:50:26 PM	
304	900	9	1	02/03/23 03:50:27 PM	
305	900	16	1	02/03/23 03:50:28 PM	
306	900	14	1	02/03/23 03:50:29 PM	
307	900	11	1	02/03/23 03:50:30 PM	
308	900	15	1	02/03/23 03:50:31 PM	
309	900	11	1	02/03/23 03:50:33 PM	
310	900	19	1	02/03/23 03:50:34 PM	
311	900	6	1	02/03/23 03:50:35 PM	
312	900	8	1	02/03/23 03:50:36 PM	
313	900	7	1	02/03/23 03:50:37 PM	
314	900	14	1	02/03/23 03:50:38 PM	
315	900	12	1	02/03/23 03:50:39 PM	
316	900	11	1	02/03/23 03:50:40 PM	
317	900	13	1	02/03/23 03:50:42 PM	
318	900	9	1	02/03/23 03:50:43 PM	
319	900	11	1	02/03/23 03:50:44 PM	
320	900	7	1	02/03/23 03:50:45 PM	
321	900	10	1	02/03/23 03:50:46 PM	
322	900	8	1	02/03/23 03:50:47 PM	
323	900	11	1	02/03/23 03:50:48 PM	
324	900	9	1	02/03/23 03:50:49 PM	
325	900	15	1	02/03/23 03:50:51 PM	
326	900	11	1	02/03/23 03:50:52 PM	
327	900	17	1	02/03/23 03:50:53 PM	
328	900	8	1	02/03/23 03:50:54 PM	
329	900	9	1	02/03/23 03:50:55 PM	
330	900	7	1	02/03/23 03:50:56 PM	
331	900	11	1	02/03/23 03:50:57 PM	
332	900	10	1	02/03/23 03:50:58 PM	
333	900	9	1	02/03/23 03:50:59 PM	
334	900	8	1	02/03/23 03:51:01 PM	
335	900	10	1	02/03/23 03:51:02 PM	
336	900	14	1	02/03/23 03:51:03 PM	
337	900	7	1	02/03/23 03:51:04 PM	
338	900	9	1	02/03/23 03:51:05 PM	
339	900	13	1	02/03/23 03:51:06 PM	
340	900	7	1	02/03/23 03:51:07 PM	
341	900	14	1	02/03/23 03:51:09 PM	
342	900	11	1	02/03/23 03:51:10 PM	
343	900	11	1	02/03/23 03:51:11 PM	
344	900	8	1	02/03/23 03:51:12 PM	
345	900	8	1	02/03/23 03:51:13 PM	
346	900	12	1	02/03/23 03:51:14 PM	
347	900	11	1	02/03/23 03:51:15 PM	
348	900	11	1	02/03/23 03:51:17 PM	
349	900	13	1	02/03/23 03:51:18 PM	
350	900	8	1	02/03/23 03:51:19 PM	
351	900	6	1	02/03/23 03:51:20 PM	
352	900	12	1	02/03/23 03:51:21 PM	
353	900	11	1	02/03/23 03:51:22 PM	
354	900	10	1	02/03/23 03:51:23 PM	
355	900	8	1	02/03/23 03:51:24 PM	
356	900	16	1	02/03/23 03:51:25 PM	
357	900	9	1	02/03/23 03:51:26 PM	
358	900	16	1	02/03/23 03:51:28 PM	
359	900	6	1	02/03/23 03:51:29 PM	
360	900	8	1	02/03/23 03:51:30 PM	
361	900	11	1	02/03/23 03:51:31 PM	
362	900	10	1	02/03/23 03:51:32 PM	
363	900	12	1	02/03/23 03:51:33 PM	
364	900	4	1	02/03/23 03:51:34 PM	
365	900	10	1	02/03/23 03:51:35 PM	
366	900	16	1	02/03/23 03:51:36 PM	
367	900	5	1	02/03/23 03:51:38 PM	
368	900	10	1	02/03/23 03:51:39 PM	
369	900	4	1	02/03/23 03:51:40 PM	
370	900	8	1	02/03/23 03:51:41 PM	
371	900	8	1	02/03/23 03:51:42 PM	
372	900	17	1	02/03/23 03:51:43 PM	
373	900	8	1	02/03/23 03:51:44 PM	
374	900	11	1	02/03/23 03:51:46 PM	
375	900	11	1	02/03/23 03:51:47 PM	
376	900	7	1	02/03/23 03:51:48 PM	
377	900	4	1	02/03/23 03:51:49 PM	
378	900	8	1	02/03/23 03:51:50 PM	
379	900	6	1	02/03/23 03:51:51 PM	
380	900	12	1	02/03/23 03:51:52 PM	
381	900	3	1	02/03/23 03:51:53 PM	
382	900	8	1	02/03/23 03:51:54 PM	
383	900	9	1	02/03/23 03:51:56 PM	
384	900	10	1	02/03/23 03:51:57 PM	
385	900	5	1	02/03/23 03:51:58 PM	
386	900	8	1	02/03/23 03:51:59 PM	
387	900	8	1	02/03/23 03:52:00 PM	
388	900	10	1	02/03/23 03:52:01 PM	
389	900	13	1	02/03/23 03:52:02 PM	
390	900	6	1	02/03/23 03:52:03 PM	
391	900	8	1	02/03/23 03:52:05 PM	
392	900	12	1	02/03/23 03:52:06 PM	
393	900	9	1	02/03/23 03:52:07 PM	
394	900	8	1	02/03/23 03:52:08 PM	
395	900	7	1	02/03/23 03:52:09 PM	
396	900	14	1	02/03/23 03:52:10 PM	
397	900	8	1	02/03/23 03:52:11 PM	
398	900	11	1	02/03/23 03:52:12 PM	
399	900	12	1	02/03/23 03:52:13 PM	
400	900	8	1	02/03/23 03:52:15 PM	
401	900	10	1	02/03/23 03:52:16 PM	
402	900	9	1	02/03/23 03:52:17 PM	
403	900	8	1	02/03/23 03:52:18 PM	
404	900	11	1	02/03/23 03:52:19 PM	
405	900	2	1	02/03/23 03:52:20 PM	
406	900	13	1	02/03/23 03:52:21 PM	
407	900	5	1	02/03/23 03:52:23 PM	
408	900	8	1	02/03/23 03:52:24 PM	
409	900	7	1	02/03/23 03:52:25 PM	
410	900	15	1	02/03/23 03:52:26 PM	
411	900	11	1	02/03/23 03:52:27 PM	
412	900	4	1	02/03/23 03:52:28 PM	
413	900	14	1	02/03/23 03:52:29 PM	
414	900	11	1	02/03/23 03:52:31 PM	
415	900	6	1	02/03/23 03:52:32 PM	
416	900	9	1	02/03/23 03:52:33 PM	
417	900	14	1	02/03/23 03:52:34 PM	
418	900	15	1	02/03/23 03:52:35 PM	
419	900	8	1	02/03/23 03:52:36 PM	
420	900	10	1	02/03/23 03:52:37 PM	
421	900	18	1	02/03/23 03:52:38 PM	
422	900	6	1	02/03/23 03:52:39 PM	
423	900	15	1	02/03/23 03:52:40 PM	
424	900	10	1	02/03/23 03:52:42 PM	
425	900	8	1	02/03/23 03:52:43 PM	
426	900	10	1	02/03/23 03:52:44 PM	
427	900	11	1	02/03/23 03:52:45 PM	
428	900	7	1	02/03/23 03:52:46 PM	
429	900	6	1	02/03/23 03:52:47 PM	
430	900	10	1	02/03/23 03:52:48 PM	
431	900	10	1	02/03/23 03:52:49 PM	
432	900	9	1	02/03/23 03:52:50 PM	
433	900	9	1	02/03/23 03:52:52 PM	
434	900	13	1	02/03/23 03:52:53 PM	
435	900	10	1	02/03/23 03:52:54 PM	
436	900	10	1	02/03/23 03:52:55 PM	
437	900	10	1	02/03/23 03:52:56 PM	
438	900	16	1	02/03/23 03:52:57 PM	
439	900	14	1	02/03/23 03:52:58 PM	
440	900	8	1	02/03/23 03:52:59 PM	
441	900	10	1	02/03/23 03:53:00 PM	
442	900	12	1	02/03/23 03:53:02 PM	
443	900	7	1	02/03/23 03:53:03 PM	
444	900	6	1	02/03/23 03:53:04 PM	
445	900	10	1	02/03/23 03:53:05 PM	
446	900	12	1	02/03/23 03:53:06 PM	
447	900	10	1	02/03/23 03:53:07 PM	
448	900	5	1	02/03/23 03:53:08 PM	
449	900	5	1	02/03/23 03:53:10 PM	
450	900	13	1	02/03/23 03:53:11 PM	
451	900	8	1	02/03/23 03:53:12 PM	
452	900	12	1	02/03/23 03:53:13 PM	
453	900	12	1	02/03/23 03:53:14 PM	
454	900	6	1	02/03/23 03:53:15 PM	
455	900	13	1	02/03/23 03:53:16 PM	
456	900	8	1	02/03/23 03:53:17 PM	
457	900	10	1	02/03/23 03:53:18 PM	
458	900	10	1	02/03/23 03:53:19 PM	
459	900	9	1	02/03/23 03:53:21 PM	
460	900	6	1	02/03/23 03:53:22 PM	
461	900	8	1	02/03/23 03:53:23 PM	
462	900	13	1	02/03/23 03:53:24 PM	
463	900	11	1	02/03/23 03:53:25 PM	
464	900	12	1	02/03/23 03:53:26 PM	
465	900	7	1	02/03/23 03:53:27 PM	
466	900	10	1	02/03/23 03:53:28 PM	
467	900	7	1	02/03/23 03:53:30 PM	
468	900	9	1	02/03/23 03:53:31 PM	
469	900	12	1	02/03/23 03:53:32 PM	
470	900	11	1	02/03/23 03:53:33 PM	
471	900	8	1	02/03/23 03:53:34 PM	
472	900	9	1	02/03/23 03:53:35 PM	
473	900	7	1	02/03/23 03:53:36 PM	
474	900	4	1	02/03/23 03:53:37 PM	
475	900	9	1	02/03/23 03:53:39 PM	
476	900	8	1	02/03/23 03:53:40 PM	
477	900	12	1	02/03/23 03:53:41 PM	
478	900	12	1	02/03/23 03:53:42 PM	
479	900	13	1	02/03/23 03:53:43 PM	
480	900	11	1	02/03/23 03:53:44 PM	
481	900	5	1	02/03/23 03:53:45 PM	
482	900	6	1	02/03/23 03:53:46 PM	
483	900	11	1	02/03/23 03:53:48 PM	
484	900	5	1	02/03/23 03:53:49 PM	
485	900	13	1	02/03/23 03:53:50 PM	
486	900	6	1	02/03/23 03:53:51 PM	
487	900	10	1	02/03/23 03:53:52 PM	
488	900	17	1	02/03/23 03:53:53 PM	
489	900	8	1	02/03/23 03:53:54 PM	
490	900	7	1	02/03/23 03:53:55 PM	
491	900	11	1	02/03/23 03:53:56 PM	
492	900	14	1	02/03/23 03:53:57 PM	
493	900	15	1	02/03/23 03:53:59 PM	
494	900	7	1	02/03/23 03:54:00 PM	
495	900	8	1	02/03/23 03:54:01 PM	
496	900	9	1	02/03/23 03:54:02 PM	
497	900	9	1	02/03/23 03:54:03 PM	
498	900	11	1	02/03/23 03:54:04 PM	
499	900	8	1	02/03/23 03:54:05 PM	
500	900	6	1	02/03/23 03:54:06 PM	
501	900	9	1	02/03/23 03:54:08 PM	
502	900	14	1	02/03/23 03:54:09 PM	
503	900	10	1	02/03/23 03:54:10 PM	
504	900	13	1	02/03/23 03:54:11 PM	
505	900	12	1	02/03/23 03:54:12 PM	
506	900	4	1	02/03/23 03:54:13 PM	
507	900	10	1	02/03/23 03:54:14 PM	
508	900	8	1	02/03/23 03:54:16 PM	
509	900	7	1	02/03/23 03:54:17 PM	
510	900	6	1	02/03/23 03:54:18 PM	
511	900	8	1	02/03/23 03:54:19 PM	
512	900	11	1	02/03/23 03:54:20 PM	
513	900	7	1	02/03/23 03:54:21 PM	
514	900	10	1	02/03/23 03:54:22 PM	
515	900	6	1	02/03/23 03:54:23 PM	
516	900	13	1	02/03/23 03:54:25 PM	
517	900	13	1	02/03/23 03:54:26 PM	
518	900	8	1	02/03/23 03:54:27 PM	
519	900	11	1	02/03/23 03:54:28 PM	
520	900	5	1	02/03/23 03:54:29 PM	
521	900	4	1	02/03/23 03:54:30 PM	
522	900	7	1	02/03/23 03:54:31 PM	
523	900	5	1	02/03/23 03:54:32 PM	
524	900	7	1	02/03/23 03:54:34 PM	
525	900	11	1	02/03/23 03:54:35 PM	
526	900	12	1	02/03/23 03:54:36 PM	
527	900	7	1	02/03/23 03:54:37 PM	
528	900	7	1	02/03/23 03:54:38 PM	
529	900	9	1	02/03/23 03:54:39 PM	
530	900	12	1	02/03/23 03:54:40 PM	
531	900	11	1	02/03/23 03:54:41 PM	
532	900	11	1	02/03/23 03:54:43 PM	
533	900	11	1	02/03/23 03:54:44 PM	
534	900	6	1	02/03/23 03:54:45 PM	
535	900	6	1	02/03/23 03:54:46 PM	
536	900	16	1	02/03/23 03:54:47 PM	
537	900	8	1	02/03/23 03:54:48 PM	
538	900	13	1	02/03/23 03:54:49 PM	
539	900	15	1	02/03/23 03:54:50 PM	
540	900	12	1	02/03/23 03:54:52 PM	
541	900	7	1	02/03/23 03:54:53 PM	
542	900	9	1	02/03/23 03:54:54 PM	
543	900	6	1	02/03/23 03:54:55 PM	
544	900	10	1	02/03/23 03:54:56 PM	
545	900	10	1	02/03/23 03:54:57 PM	
546	900	11	1	02/03/23 03:54:58 PM	
547	900	6	1	02/03/23 03:54:59 PM	
548	900	9	1	02/03/23 03:55:01 PM	
549	900	7	1	02/03/23 03:55:02 PM	
550	900	13	1	02/03/23 03:55:03 PM	
551	900	13	1	02/03/23 03:55:04 PM	
552	900	11	1	02/03/23 03:55:05 PM	
553	900	8	1	02/03/23 03:55:06 PM	
554	900	12	1	02/03/23 03:55:07 PM	
555	900	14	1	02/03/23 03:55:08 PM	
556	900	10	1	02/03/23 03:55:09 PM	
557	900	12	1	02/03/23 03:55:11 PM	
558	900	9	1	02/03/23 03:55:12 PM	
559	900	7	1	02/03/23 03:55:13 PM	
560	900	8	1	02/03/23 03:55:14 PM	
561	900	3	1	02/03/23 03:55:15 PM	
562	900	9	1	02/03/23 03:55:16 PM	
563	900	7	1	02/03/23 03:55:17 PM	
564	900	16	1	02/03/23 03:55:18 PM	
565	900	12	1	02/03/23 03:55:20 PM	
566	900	8	1	02/03/23 03:55:21 PM	
567	900	11	1	02/03/23 03:55:22 PM	
568	900	7	1	02/03/23 03:55:23 PM	
569	900	7	1	02/03/23 03:55:24 PM	
570	900	8	1	02/03/23 03:55:25 PM	
571	900	12	1	02/03/23 03:55:26 PM	
572	900	6	1	02/03/23 03:55:27 PM	
573	900	6	1	02/03/23 03:55:29 PM	
574	900	15	1	02/03/23 03:55:30 PM	
575	900	13	1	02/03/23 03:55:31 PM	
576	900	9	1	02/03/23 03:55:32 PM	
577	900	14	1	02/03/23 03:55:33 PM	
578	900	10	1	02/03/23 03:55:34 PM	
579	900	11	1	02/03/23 03:55:35 PM	
580	900	8	1	02/03/23 03:55:37 PM	
581	900	11	1	02/03/23 03:55:38 PM	
582	900	5	1	02/03/23 03:55:39 PM	
583	900	10	1	02/03/23 03:55:40 PM	
584	900	7	1	02/03/23 03:55:41 PM	
585	900	8	1	02/03/23 03:55:42 PM	
586	900	9	1	02/03/23 03:55:43 PM	
587	900	8	1	02/03/23 03:55:44 PM	
588	900	11	1	02/03/23 03:55:46 PM	
589	900	8	1	02/03/23 03:55:47 PM	
590	900	8	1	02/03/23 03:55:48 PM	
591	900	12	1	02/03/23 03:55:49 PM	
592	900	8	1	02/03/23 03:55:50 PM	
593	900	10	1	02/03/23 03:55:51 PM	
594	900	4	1	02/03/23 03:55:52 PM	
595	900	12	1	02/03/23 03:55:53 PM	
596	900	9	1	02/03/23 03:55:55 PM	
597	900	16	1	02/03/23 03:55:56 PM	
598	900	13	1	02/03/23 03:55:57 PM	
599	900	6	1	02/03/23 03:55:58 PM	
600	900	5	1	02/03/23 03:55:59 PM	
601	900	11	1	02/03/23 03:56:00 PM	
602	900	8	1	02/03/23 03:56:01 PM	
603	900	10	1	02/03/23 03:56:02 PM	
604	900	14	1	02/03/23 03:56:04 PM	
605	900	13	1	02/03/23 03:56:05 PM	
606	900	7	1	02/03/23 03:56:06 PM	
607	900	6	1	02/03/23 03:56:07 PM	
608	900	7	1	02/03/23 03:56:08 PM	
609	900	7	1	02/03/23 03:56:09 PM	
610	900	8	1	02/03/23 03:56:10 PM	
611	900	7	1	02/03/23 03:56:11 PM	
612	900	5	1	02/03/23 03:56:13 PM	
613	900	9	1	02/03/23 03:56:14 PM	
614	900	10	1	02/03/23 03:56:15 PM	
615	900	11	1	02/03/23 03:56:16 PM	
616	900	7	1	02/03/23 03:56:17 PM	
617	900	8	1	02/03/23 03:56:18 PM	
618	900	7	1	02/03/23 03:56:19 PM	
619	900	7	1	02/03/23 03:56:20 PM	
620	900	8	1	02/03/23 03:56:22 PM	
621	900	12	1	02/03/23 03:56:23 PM	
622	900	10	1	02/03/23 03:56:24 PM	
623	900	8	1	02/03/23 03:56:25 PM	
624	900	10	1	02/03/23 03:56:26 PM	
625	900	15	1	02/03/23 03:56:27 PM	
626	900	8	1	02/03/23 03:56:28 PM	
627	900	10	1	02/03/23 03:56:29 PM	
628	900	11	1	02/03/23 03:56:30 PM	
629	900	17	1	02/03/23 03:56:31 PM	
630	900	7	1	02/03/23 03:56:33 PM	
631	900	11	1	02/03/23 03:56:34 PM	
632	900	6	1	02/03/23 03:56:35 PM	
633	900	9	1	02/03/23 03:56:36 PM	
634	900	12	1	02/03/23 03:56:37 PM	
635	900	9	1	02/03/23 03:56:38 PM	
636	900	6	1	02/03/23 03:56:39 PM	
637	900	9	1	02/03/23 03:56:40 PM	
638	900	9	1	02/03/23 03:56:42 PM	
639	900	12	1	02/03/23 03:56:43 PM	
640	900	10	1	02/03/23 03:56:44 PM	
641	900	12	1	02/03/23 03:56:45 PM	
642	900	7	1	02/03/23 03:56:46 PM	
643	900	3	1	02/03/23 03:56:47 PM	
644	900	11	1	02/03/23 03:56:48 PM	
645	900	13	1	02/03/23 03:56:49 PM	
646	900	8	1	02/03/23 03:56:50 PM	
647	900	7	1	02/03/23 03:56:52 PM	
648	900	10	1	02/03/23 03:56:53 PM	
649	900	16	1	02/03/23 03:56:54 PM	
650	900	11	1	02/03/23 03:56:55 PM	
651	900	4	1	02/03/23 03:56:56 PM	
652	900	9	1	02/03/23 03:56:57 PM	
653	900	7	1	02/03/23 03:56:58 PM	
654	900	10	1	02/03/23 03:56:59 PM	
655	900	8	1	02/03/23 03:57:01 PM	
656	900	11	1	02/03/23 03:57:02 PM	
657	900	9	1	02/03/23 03:57:03 PM	
658	900	10	1	02/03/23 03:57:04 PM	
659	900	13	1	02/03/23 03:57:05 PM	
660	900	4	1	02/03/23 03:57:06 PM	
661	900	11	1	02/03/23 03:57:07 PM	
662	900	12	1	02/03/23 03:57:08 PM	
663	900	17	1	02/03/23 03:57:09 PM	
664	900	9	1	02/03/23 03:57:11 PM	
665	900	10	1	02/03/23 03:57:12 PM	
666	900	9	1	02/03/23 03:57:13 PM	
667	900	9	1	02/03/23 03:57:14 PM	
668	900	10	1	02/03/23 03:57:15 PM	
669	900	12	1	02/03/23 03:57:16 PM	
670	900	9	1	02/03/23 03:57:17 PM	
671	900	5	1	02/03/23 03:57:18 PM	
672	900	13	1	02/03/23 03:57:19 PM	
673	900	8	1	02/03/23 03:57:20 PM	
674	900	12	1	02/03/23 03:57:22 PM	
675	900	13	1	02/03/23 03:57:23 PM	
676	900	10	1	02/03/23 03:57:24 PM	
677	900	8	1	02/03/23 03:57:25 PM	
678	900	2	1	02/03/23 03:57:26 PM	
679	900	10	1	02/03/23 03:57:27 PM	
680	900	12	1	02/03/23 03:57:28 PM	
681	900	7	1	02/03/23 03:57:29 PM	
682	900	5	1	02/03/23 03:57:31 PM	
683	900	14	1	02/03/23 03:57:32 PM	
684	900	6	1	02/03/23 03:57:33 PM	
685	900	8	1	02/03/23 03:57:34 PM	
686	900	9	1	02/03/23 03:57:35 PM	
687	900	10	1	02/03/23 03:57:36 PM	
688	900	10	1	02/03/23 03:57:37 PM	
689	900	15	1	02/03/23 03:57:38 PM	
690	900	13	1	02/03/23 03:57:39 PM	
691	900	9	1	02/03/23 03:57:41 PM	
692	900	17	1	02/03/23 03:57:42 PM	
693	900	9	1	02/03/23 03:57:43 PM	
694	900	12	1	02/03/23 03:57:44 PM	
695	900	9	1	02/03/23 03:57:45 PM	
696	900	11	1	02/03/23 03:57:46 PM	
697	900	13	1	02/03/23 03:57:47 PM	
698	900	9	1	02/03/23 03:57:48 PM	
699	900	9	1	02/03/23 03:57:49 PM	
700	900	10	1	02/03/23 03:57:51 PM	
701	900	11	1	02/03/23 03:57:52 PM	
702	900	13	1	02/03/23 03:57:53 PM	
703	900	6	1	02/03/23 03:57:54 PM	
704	900	10	1	02/03/23 03:57:55 PM	
705	900	6	1	02/03/23 03:57:56 PM	
706	900	13	1	02/03/23 03:57:57 PM	
707	900	6	1	02/03/23 03:57:59 PM	
708	900	9	1	02/03/23 03:58:00 PM	
709	900	6	1	02/03/23 03:58:01 PM	
710	900	13	1	02/03/23 03:58:02 PM	
711	900	6	1	02/03/23 03:58:03 PM	
712	900	11	1	02/03/23 03:58:04 PM	
713	900	10	1	02/03/23 03:58:05 PM	
714	900	5	1	02/03/23 03:58:06 PM	
715	900	8	1	02/03/23 03:58:07 PM	
716	900	5	1	02/03/23 03:58:09 PM	
717	900	8	1	02/03/23 03:58:10 PM	
718	900	7	1	02/03/23 03:58:11 PM	
719	900	12	1	02/03/23 03:58:12 PM	
720	900	13	1	02/03/23 03:58:13 PM	
721	900	5	1	02/03/23 03:58:14 PM	
722	900	10	1	02/03/23 03:58:15 PM	
723	900	8	1	02/03/23 03:58:16 PM	
724	900	13	1	02/03/23 03:58:17 PM	
725	900	11	1	02/03/23 03:58:19 PM	
726	900	13	1	02/03/23 03:58:20 PM	
727	900	9	1	02/03/23 03:58:21 PM	
728	900	6	1	02/03/23 03:58:22 PM	
729	900	7	1	02/03/23 03:58:23 PM	
730	900	11	1	02/03/23 03:58:24 PM	
731	900	9	1	02/03/23 03:58:25 PM	
732	900	12	1	02/03/23 03:58:26 PM	
733	900	12	1	02/03/23 03:58:28 PM	
734	900	8	1	02/03/23 03:58:29 PM	
735	900	9	1	02/03/23 03:58:30 PM	
736	900	14	1	02/03/23 03:58:31 PM	
737	900	6	1	02/03/23 03:58:32 PM	
738	900	10	1	02/03/23 03:58:33 PM	
739	900	11	1	02/03/23 03:58:34 PM	
740	900	9	1	02/03/23 03:58:35 PM	
741	900	12	1	02/03/23 03:58:36 PM	
742	900	8	1	02/03/23 03:58:38 PM	
743	900	14	1	02/03/23 03:58:39 PM	
744	900	10	1	02/03/23 03:58:40 PM	
745	900	8	1	02/03/23 03:58:41 PM	
746	900	12	1	02/03/23 03:58:42 PM	
747	900	11	1	02/03/23 03:58:43 PM	
748	900	6	1	02/03/23 03:58:44 PM	
749	900	9	1	02/03/23 03:58:45 PM	
750	900	9	1	02/03/23 03:58:47 PM	
751	900	15	1	02/03/23 03:58:48 PM	
752	900	6	1	02/03/23 03:58:49 PM	
753	900	8	1	02/03/23 03:58:50 PM	
754	900	12	1	02/03/23 03:58:51 PM	
755	900	10	1	02/03/23 03:58:52 PM	
756	900	12	1	02/03/23 03:58:53 PM	
757	900	11	1	02/03/23 03:58:54 PM	
758	900	8	1	02/03/23 03:58:56 PM	
759	900	13	1	02/03/23 03:58:57 PM	
760	900	10	1	02/03/23 03:58:58 PM	
761	900	10	1	02/03/23 03:58:59 PM	
762	900	11	1	02/03/23 03:59:00 PM	
763	900	12	1	02/03/23 03:59:01 PM	
764	900	9	1	02/03/23 03:59:02 PM	
765	900	12	1	02/03/23 03:59:03 PM	
766	900	14	1	02/03/23 03:59:04 PM	
767	900	12	1	02/03/23 03:59:06 PM	
768	900	8	1	02/03/23 03:59:07 PM	
769	900	13	1	02/03/23 03:59:08 PM	
770	900	10	1	02/03/23 03:59:09 PM	
771	900	14	1	02/03/23 03:59:10 PM	
772	900	13	1	02/03/23 03:59:11 PM	
773	900	10	1	02/03/23 03:59:12 PM	
774	900	15	1	02/03/23 03:59:13 PM	
775	900	13	1	02/03/23 03:59:15 PM	
776	900	9	1	02/03/23 03:59:16 PM	
777	900	4	1	02/03/23 03:59:17 PM	
778	900	11	1	02/03/23 03:59:18 PM	
779	900	11	1	02/03/23 03:59:19 PM	
780	900	13	1	02/03/23 03:59:20 PM	
781	900	9	1	02/03/23 03:59:21 PM	
782	900	11	1	02/03/23 03:59:22 PM	
783	900	11	1	02/03/23 03:59:24 PM	
784	900	8	1	02/03/23 03:59:25 PM	
785	900	7	1	02/03/23 03:59:26 PM	
786	900	6	1	02/03/23 03:59:27 PM	
787	900	12	1	02/03/23 03:59:28 PM	
788	900	14	1	02/03/23 03:59:29 PM	
789	900	8	1	02/03/23 03:59:30 PM	
790	900	11	1	02/03/23 03:59:32 PM	
791	900	7	1	02/03/23 03:59:33 PM	
792	900	9	1	02/03/23 03:59:34 PM	
793	900	12	1	02/03/23 03:59:35 PM	
794	900	8	1	02/03/23 03:59:36 PM	
795	900	15	1	02/03/23 03:59:37 PM	
796	900	12	1	02/03/23 03:59:38 PM	
797	900	8	1	02/03/23 03:59:39 PM	
798	900	8	1	02/03/23 03:59:40 PM	
799	900	8	1	02/03/23 03:59:42 PM	
800	900	8	1	02/03/23 03:59:43 PM	
801	900	6	1	02/03/23 03:59:44 PM	
802	900	12	1	02/03/23 03:59:45 PM	
803	900	10	1	02/03/23 03:59:46 PM	
804	900	18	1	02/03/23 03:59:47 PM	
805	900	9	1	02/03/23 03:59:48 PM	
806	900	4	1	02/03/23 03:59:49 PM	
807	900	6	1	02/03/23 03:59:51 PM	
808	900	11	1	02/03/23 03:59:52 PM	
809	900	11	1	02/03/23 03:59:53 PM	
810	900	8	1	02/03/23 03:59:54 PM	
811	900	7	1	02/03/23 03:59:55 PM	
812	900	11	1	02/03/23 03:59:56 PM	
813	900	18	1	02/03/23 03:59:57 PM	
814	900	15	1	02/03/23 03:59:58 PM	
815	900	14	1	02/03/23 03:59:59 PM	
816	900	7	1	02/03/23 04:00:01 PM	
817	900	13	1	02/03/23 04:00:02 PM	
818	900	12	1	02/03/23 04:00:03 PM	
819	900	8	1	02/03/23 04:00:04 PM	
820	900	9	1	02/03/23 04:00:05 PM	
821	900	6	1	02/03/23 04:00:06 PM	
822	900	14	1	02/03/23 04:00:07 PM	
823	900	12	1	02/03/23 04:00:08 PM	
824	900	15	1	02/03/23 04:00:09 PM	
825	900	9	1	02/03/23 04:00:11 PM	
826	900	8	1	02/03/23 04:00:12 PM	
827	900	8	1	02/03/23 04:00:13 PM	
828	900	10	1	02/03/23 04:00:14 PM	
829	900	15	1	02/03/23 04:00:15 PM	
830	900	13	1	02/03/23 04:00:16 PM	
831	900	12	1	02/03/23 04:00:17 PM	
832	900	10	1	02/03/23 04:00:18 PM	
833	900	9	1	02/03/23 04:00:20 PM	
834	900	11	1	02/03/23 04:00:21 PM	
835	900	7	1	02/03/23 04:00:22 PM	
836	900	6	1	02/03/23 04:00:23 PM	
837	900	10	1	02/03/23 04:00:24 PM	
838	900	5	1	02/03/23 04:00:25 PM	
839	900	8	1	02/03/23 04:00:26 PM	
840	900	9	1	02/03/23 04:00:28 PM	
841	900	7	1	02/03/23 04:00:29 PM	
842	900	8	1	02/03/23 04:00:30 PM	
843	900	16	1	02/03/23 04:00:31 PM	
844	900	7	1	02/03/23 04:00:32 PM	
845	900	12	1	02/03/23 04:00:33 PM	
846	900	12	1	02/03/23 04:00:34 PM	
847	900	10	1	02/03/23 04:00:35 PM	
848	900	16	1	02/03/23 04:00:36 PM	
849	900	9	1	02/03/23 04:00:37 PM	
850	900	6	1	02/03/23 04:00:39 PM	
851	900	8	1	02/03/23 04:00:40 PM	
852	900	16	1	02/03/23 04:00:41 PM	
853	900	13	1	02/03/23 04:00:42 PM	
854	900	11	1	02/03/23 04:00:43 PM	
855	900	5	1	02/03/23 04:00:44 PM	
856	900	10	1	02/03/23 04:00:45 PM	
857	900	15	1	02/03/23 04:00:47 PM	
858	900	7	1	02/03/23 04:00:48 PM	
859	900	14	1	02/03/23 04:00:49 PM	
860	900	10	1	02/03/23 04:00:50 PM	
861	900	8	1	02/03/23 04:00:51 PM	
862	900	7	1	02/03/23 04:00:52 PM	
863	900	12	1	02/03/23 04:00:53 PM	
864	900	12	1	02/03/23 04:00:54 PM	
865	900	8	1	02/03/23 04:00:56 PM	
866	900	10	1	02/03/23 04:00:57 PM	
867	900	10	1	02/03/23 04:00:58 PM	
868	900	12	1	02/03/23 04:00:59 PM	
869	900	9	1	02/03/23 04:01:00 PM	
870	900	11	1	02/03/23 04:01:01 PM	
871	900	18	1	02/03/23 04:01:02 PM	
872	900	16	1	02/03/23 04:01:03 PM	
873	900	13	1	02/03/23 04:01:04 PM	
874	900	11	1	02/03/23 04:01:06 PM	
875	900	10	1	02/03/23 04:01:07 PM	
876	900	13	1	02/03/23 04:01:08 PM	
877	900	15	1	02/03/23 04:01:09 PM	
878	900	12	1	02/03/23 04:01:10 PM	
879	900	8	1	02/03/23 04:01:11 PM	
880	900	3	1	02/03/23 04:01:12 PM	
881	900	4	1	02/03/23 04:01:13 PM	
882	900	12	1	02/03/23 04:01:15 PM	
883	900	7	1	02/03/23 04:01:16 PM	
884	900	6	1	02/03/23 04:01:17 PM	
885	900	6	1	02/03/23 04:01:18 PM	
886	900	13	1	02/03/23 04:01:19 PM	
887	900	13	1	02/03/23 04:01:20 PM	
888	900	12	1	02/03/23 04:01:21 PM	
889	900	11	1	02/03/23 04:01:22 PM	
890	900	9	1	02/03/23 04:01:24 PM	
891	900	9	1	02/03/23 04:01:25 PM	
892	900	6	1	02/03/23 04:01:26 PM	
893	900	10	1	02/03/23 04:01:27 PM	
894	900	13	1	02/03/23 04:01:28 PM	
895	900	7	1	02/03/23 04:01:29 PM	
896	900	6	1	02/03/23 04:01:30 PM	
897	900	11	1	02/03/23 04:01:31 PM	
898	900	10	1	02/03/23 04:01:33 PM	
899	900	8	1	02/03/23 04:01:34 PM	
900	900	7	1	02/03/23 04:01:35 PM	
901	900	12	1	02/03/23 04:01:36 PM	
902	900	13	1	02/03/23 04:01:37 PM	
903	900	8	1	02/03/23 04:01:38 PM	
904	900	7	1	02/03/23 04:01:39 PM	
905	900	5	1	02/03/23 04:01:40 PM	
906	900	14	1	02/03/23 04:01:42 PM	
907	900	10	1	02/03/23 04:01:43 PM	
908	900	12	1	02/03/23 04:01:44 PM	
909	900	9	1	02/03/23 04:01:45 PM	
910	900	9	1	02/03/23 04:01:46 PM	
911	900	2	1	02/03/23 04:01:47 PM	
912	900	4	1	02/03/23 04:01:48 PM	
913	900	8	1	02/03/23 04:01:50 PM	
914	900	11	1	02/03/23 04:01:51 PM	
915	900	5	1	02/03/23 04:01:52 PM	
916	900	11	1	02/03/23 04:01:53 PM	
917	900	7	1	02/03/23 04:01:54 PM	
918	900	5	1	02/03/23 04:01:55 PM	
919	900	8	1	02/03/23 04:01:56 PM	
920	900	10	1	02/03/23 04:01:57 PM	
921	900	14	1	02/03/23 04:01:58 PM	
922	900	11	1	02/03/23 04:02:00 PM	
923	900	3	1	02/03/23 04:02:01 PM	
924	900	11	1	02/03/23 04:02:02 PM	
925	900	13	1	02/03/23 04:02:03 PM	
926	900	14	1	02/03/23 04:02:04 PM	
927	900	6	1	02/03/23 04:02:05 PM	
928	900	8	1	02/03/23 04:02:06 PM	
929	900	9	1	02/03/23 04:02:07 PM	
930	900	7	1	02/03/23 04:02:09 PM	
931	900	12	1	02/03/23 04:02:10 PM	
932	900	8	1	02/03/23 04:02:11 PM	
933	900	14	1	02/03/23 04:02:12 PM	
934	900	7	1	02/03/23 04:02:13 PM	
935	900	12	1	02/03/23 04:02:14 PM	
936	900	7	1	02/03/23 04:02:15 PM	
937	900	9	1	02/03/23 04:02:17 PM	
938	900	6	1	02/03/23 04:02:18 PM	
939	900	7	1	02/03/23 04:02:19 PM	
940	900	16	1	02/03/23 04:02:20 PM	
941	900	10	1	02/03/23 04:02:21 PM	
942	900	11	1	02/03/23 04:02:22 PM	
943	900	7	1	02/03/23 04:02:23 PM	
944	900	10	1	02/03/23 04:02:24 PM	
945	900	15	1	02/03/23 04:02:26 PM	
946	900	9	1	02/03/23 04:02:27 PM	
947	900	5	1	02/03/23 04:02:28 PM	
948	900	2	1	02/03/23 04:02:29 PM	
949	900	11	1	02/03/23 04:02:30 PM	
950	900	3	1	02/03/23 04:02:31 PM	
951	900	6	1	02/03/23 04:02:32 PM	
952	900	8	1	02/03/23 04:02:33 PM	
953	900	9	1	02/03/23 04:02:34 PM	
954	900	8	1	02/03/23 04:02:36 PM	
955	900	9	1	02/03/23 04:02:37 PM	
956	900	7	1	02/03/23 04:02:38 PM	
957	900	12	1	02/03/23 04:02:39 PM	
958	900	6	1	02/03/23 04:02:40 PM	
959	900	5	1	02/03/23 04:02:41 PM	
960	900	13	1	02/03/23 04:02:42 PM	
961	900	10	1	02/03/23 04:02:43 PM	
962	900	15	1	02/03/23 04:02:45 PM	
963	900	5	1	02/03/23 04:02:46 PM	
964	900	14	1	02/03/23 04:02:47 PM	
965	900	9	1	02/03/23 04:02:48 PM	
966	900	7	1	02/03/23 04:02:49 PM	
967	900	4	1	02/03/23 04:02:50 PM	
968	900	7	1	02/03/23 04:02:51 PM	
969	900	7	1	02/03/23 04:02:53 PM	
970	900	14	1	02/03/23 04:02:54 PM	
971	900	13	1	02/03/23 04:02:55 PM	
972	900	8	1	02/03/23 04:02:56 PM	
973	900	7	1	02/03/23 04:02:57 PM	
974	900	18	1	02/03/23 04:02:58 PM	
975	900	9	1	02/03/23 04:02:59 PM	
976	900	6	1	02/03/23 04:03:00 PM	
977	900	4	1	02/03/23 04:03:02 PM	
978	900	9	1	02/03/23 04:03:03 PM	
979	900	7	1	02/03/23 04:03:04 PM	
980	900	5	1	02/03/23 04:03:05 PM	
981	900	12	1	02/03/23 04:03:06 PM	
982	900	11	1	02/03/23 04:03:07 PM	
983	900	7	1	02/03/23 04:03:08 PM	
984	900	8	1	02/03/23 04:03:10 PM	
985	900	11	1	02/03/23 04:03:11 PM	
986	900	9	1	02/03/23 04:03:12 PM	
987	900	10	1	02/03/23 04:03:13 PM	
988	900	9	1	02/03/23 04:03:14 PM	
989	900	6	1	02/03/23 04:03:15 PM	
990	900	10	1	02/03/23 04:03:16 PM	
991	900	7	1	02/03/23 04:03:17 PM	
992	900	8	1	02/03/23 04:03:19 PM	
993	900	9	1	02/03/23 04:03:20 PM	
994	900	8	1	02/03/23 04:03:21 PM	
995	900	12	1	02/03/23 04:03:22 PM	
996	900	7	1	02/03/23 04:03:23 PM	
997	900	12	1	02/03/23 04:03:24 PM	
998	900	15	1	02/03/23 04:03:25 PM	
999	900	13	1	02/03/23 04:03:26 PM	
1000	900	14	1	02/03/23 04:03:27 PM	
